,state,city,occupation,salary,cpi_index,rent_index,restaurant_price_index,groceries_index,cpi_single,cpi_family,rent_single,rent_family,groceries_single,groceries_family,restaurant_single,restaurant_family
0,California,Cupertino,"Data Scientist, IT",125000.0,87.9237427121852,72.34498746476439,81.58303658789949,91.42007629730192,1720.9665856026859,5011.187338758183,1802.3234382109288,3377.957475450392,259.34961444781584,1296.7297882238197,649.2622800774805,1929.6019813769983
8,California,San Jose,"Data Scientist, IT",117109.79,87.37157290820353,72.68297470089568,81.53667668528558,91.06606070919574,1710.158745161431,4979.716586431188,1810.7436804259441,3393.738893775367,258.34530762591737,1291.7083249174452,648.8933340645083,1928.5054769603744
5,California,Palo Alto,"Data Scientist, IT",114109.51,88.80449271541855,74.69847511609082,82.01072722644962,92.71021280028222,1738.2058577159733,5061.3854209674655,1860.955640719659,3487.847344586804,263.00960269312066,1315.029471423043,652.6659704862541,1939.7177203599863
7,California,San Francisco,"Data Scientist, IT",114060.42,89.97677643079977,74.69278806352919,80.82252407882157,91.6805964003635,1761.1514357906162,5128.199379640504,1860.8139597478964,3487.581802738128,260.0886839281912,1300.425083521676,643.2098933764858,1911.6143395122879
40,Washington,Bellevue,"Data Scientist, IT",111968.75,84.81735715067647,43.47216137720912,77.35903317278179,89.01922585388533,1660.1640584530508,4834.139825595661,1083.017609174273,2029.8173742811305,252.5386418248873,1262.6754052792658,615.6463936989493,1829.6958526026347
10,California,Santa Clara,"Data Scientist, IT",109926.79,87.9237427121852,72.34498746476439,80.76685109646455,91.42007629730192,1720.9665856026859,5011.187338758183,1802.3234382109288,3377.957475450392,259.34961444781584,1296.7297882238197,642.7668310809939,1910.2975621335795
9,California,San Mateo,"Data Scientist, IT",104804.68,89.11942489402246,74.10396493025674,80.61627946703794,90.77066162371896,1744.3701512206592,5079.334886007342,1846.1446679109931,3460.0882669112734,257.5072899603283,1287.518295669317,641.5685368825281,1906.7362419543813
4,California,Mountain View,"Data Scientist, IT",103042.0,88.80449271541855,74.45469644082486,81.23548678698016,92.71021280028224,1738.2058577159733,5061.3854209674655,1854.8824069606258,3476.464745358749,263.00960269312066,1315.0294714230433,646.4963744968243,1921.3817334856546
41,Washington,Seattle,"Data Scientist, IT",100529.55,84.34326837669661,43.13538175060007,79.77588693958263,88.69115772374336,1650.8845292444335,4807.119278149311,1074.6274520145244,2014.0923420826311,251.60794534648755,1258.021988500893,634.8804410312805,1886.8592778950083
26,New York,New York,"Data Scientist, IT",99199.95,89.3453611989042,60.012261670688936,93.51058682578838,86.2982826383532,1748.7924928906316,5092.212057923186,1495.0794737757064,2802.113526219393,244.81959801674418,1224.0807304271932,744.1853031356717,2211.7123996035466
